C,C,W,W,W,D,D,G,UTIL,,Instructions
,,,,,,,,,,1. Locate the player you want to select in the list below 
,,,,,,,,,,2. Copy the ID of your player (you can use the Name + ID column or the ID column) 
,,,,,,,,,,3. Paste the ID into the roster position desired 
,,,,,,,,,,4. You must include an ID for each player; you cannot use just the player's name 
,,,,,,,,,,5. You can create up to 500 lineups per file 
 
,,,,,,,,,,Position,Name + ID, Name, ID, Salary,GameInfo,TeamAbbrev 
,,,,,,,,,,G,Henrik Lundqvist (7730011),Henrik Lundqvist,7730011,8700,Van@NYR 07:00PM ET,NYR,
,,,,,,,,,,LW,Alex Ovechkin (7729609),Alex Ovechkin,7729609,8400,SJ@Was 07:00PM ET,Was,
,,,,,,,,,,G,Carey Price (7730043),Carey Price,7730043,8400,Bos@Mon 07:30PM ET,Mon,
,,,,,,,,,,D,Brent Burns (7729889),Brent Burns,7729889,8300,SJ@Was 07:00PM ET,SJ,
,,,,,,,,,,C,Connor McDavid (7729488),Connor McDavid,7729488,8200,Edm@Pit 07:00PM ET,Edm,
,,,,,,,,,,G,Braden Holtby (7730030),Braden Holtby,7730030,8100,SJ@Was 07:00PM ET,Was,
,,,,,,,,,,G,Antti Raanta (7730015),Antti Raanta,7730015,8000,Van@NYR 07:00PM ET,NYR,
,,,,,,,,,,G,Al Montoya (7730042),Al Montoya,7730042,7900,Bos@Mon 07:30PM ET,Mon,
,,,,,,,,,,G,Cory Schneider (7730005),Cory Schneider,7730005,7800,Car@NJ 07:00PM ET,NJ,
,,,,,,,,,,C,Sidney Crosby (7729481),Sidney Crosby,7729481,7800,Edm@Pit 07:00PM ET,Pit,
,,,,,,,,,,G,Philipp Grubauer (7730031),Philipp Grubauer,7730031,7800,SJ@Was 07:00PM ET,Was,
,,,,,,,,,,G,Jonathan Quick (7730036),Jonathan Quick,7730036,7800,LA@Tor 07:30PM ET,LA,
,,,,,,,,,,G,Marc-Andre Fleury (7730022),Marc-Andre Fleury,7730022,7700,Edm@Pit 07:00PM ET,Pit,
,,,,,,,,,,G,Matt Murray (7730026),Matt Murray,7730026,7700,Edm@Pit 07:00PM ET,Pit,
,,,,,,,,,,G,Craig Anderson (7730049),Craig Anderson,7730049,7600,Ott@Nsh 08:00PM ET,Ott,
,,,,,,,,,,C,Tyler Seguin (7729537),Tyler Seguin,7729537,7600,Dal@Wpg 08:00PM ET,Dal,
,,,,,,,,,,G,Semyon Varlamov (7730065),Semyon Varlamov,7730065,7600,Ari@Col 09:00PM ET,Col,
,,,,,,,,,,G,Keith Kinkaid (7730008),Keith Kinkaid,7730008,7500,Car@NJ 07:00PM ET,NJ,
,,,,,,,,,,G,Jimmy Howard (7730016),Jimmy Howard,7730016,7500,Det@Phi 07:00PM ET,Det,
,,,,,,,,,,G,Petr Mrazek (7730020),Petr Mrazek,7730020,7500,Det@Phi 07:00PM ET,Det,
,,,,,,,,,,RW,Joe Pavelski (7729731),Joe Pavelski,7729731,7500,SJ@Was 07:00PM ET,SJ,
,,,,,,,,,,G,Frederik Andersen (7730040),Frederik Andersen,7730040,7500,LA@Tor 07:30PM ET,Tor,
,,,,,,,,,,G,Cam Talbot (7730024),Cam Talbot,7730024,7400,Edm@Pit 07:00PM ET,Edm,
,,,,,,,,,,G,Martin Jones (7730029),Martin Jones,7730029,7400,SJ@Was 07:00PM ET,SJ,
,,,,,,,,,,G,Andrew Hammond (7730053),Andrew Hammond,7730053,7400,Ott@Nsh 08:00PM ET,Ott,
,,,,,,,,,,G,Mike Condon (7730054),Mike Condon,7730054,7400,Ott@Nsh 08:00PM ET,Ott,
,,,,,,,,,,G,Michael Hutchinson (7730060),Michael Hutchinson,7730060,7400,Dal@Wpg 08:00PM ET,Wpg,
,,,,,,,,,,G,Connor Hellebuyck (7730061),Connor Hellebuyck,7730061,7400,Dal@Wpg 08:00PM ET,Wpg,
,,,,,,,,,,G,Calvin Pickard (7730066),Calvin Pickard,7730066,7400,Ari@Col 09:00PM ET,Col,
,,,,,,,,,,G,Steve Mason (7730017),Steve Mason,7730017,7300,Det@Phi 07:00PM ET,Phi,
,,,,,,,,,,G,Michal Neuvirth (7730018),Michal Neuvirth,7730018,7300,Det@Phi 07:00PM ET,Phi,
,,,,,,,,,,G,Jhonas Enroth (7730038),Jhonas Enroth,7730038,7300,LA@Tor 07:30PM ET,Tor,
,,,,,,,,,,G,Tuukka Rask (7730044),Tuukka Rask,7730044,7300,Bos@Mon 07:30PM ET,Bos,
,,,,,,,,,,D,Erik Karlsson (7729949),Erik Karlsson,7729949,7300,Ott@Nsh 08:00PM ET,Ott,
,,,,,,,,,,G,Pekka Rinne (7730050),Pekka Rinne,7730050,7300,Ott@Nsh 08:00PM ET,Nsh,
,,,,,,,,,,G,Kari Lehtonen (7730057),Kari Lehtonen,7730057,7300,Dal@Wpg 08:00PM ET,Dal,
,,,,,,,,,,G,Antti Niemi (7730059),Antti Niemi,7730059,7300,Dal@Wpg 08:00PM ET,Dal,
,,,,,,,,,,G,Jonas Gustavsson (7730023),Jonas Gustavsson,7730023,7200,Edm@Pit 07:00PM ET,Edm,
,,,,,,,,,,G,Aaron Dell (7730034),Aaron Dell,7730034,7200,SJ@Was 07:00PM ET,SJ,
,,,,,,,,,,C,Auston Matthews (7729513),Auston Matthews,7729513,7200,LA@Tor 07:30PM ET,Tor,
,,,,,,,,,,G,Peter Budaj (7730035),Peter Budaj,7730035,7200,LA@Tor 07:30PM ET,LA,
,,,,,,,,,,G,Jeff Zatkoff (7730037),Jeff Zatkoff,7730037,7200,LA@Tor 07:30PM ET,LA,
,,,,,,,,,,RW,Brendan Gallagher (7729755),Brendan Gallagher,7729755,7100,Bos@Mon 07:30PM ET,Mon,
,,,,,,,,,,D,Shea Weber (7729930),Shea Weber,7729930,7100,Bos@Mon 07:30PM ET,Mon,
,,,,,,,,,,G,Marek Mazanec (7730052),Marek Mazanec,7730052,7100,Ott@Nsh 08:00PM ET,Nsh,
,,,,,,,,,,G,Mike Smith (7730063),Mike Smith,7730063,7100,Ari@Col 09:00PM ET,Ari,
,,,,,,,,,,G,Louis Domingue (7730067),Louis Domingue,7730067,7100,Ari@Col 09:00PM ET,Ari,
,,,,,,,,,,LW,Brad Marchand (7729633),Brad Marchand,7729633,7000,Bos@Mon 07:30PM ET,Bos,
,,,,,,,,,,G,Anton Khudobin (7730045),Anton Khudobin,7730045,7000,Bos@Mon 07:30PM ET,Bos,
,,,,,,,,,,G,Zane McIntyre (7730046),Zane McIntyre,7730046,7000,Bos@Mon 07:30PM ET,Bos,
,,,,,,,,,,C,Mark Scheifele (7729540),Mark Scheifele,7729540,7000,Dal@Wpg 08:00PM ET,Wpg,
,,,,,,,,,,G,Ryan Miller (7730010),Ryan Miller,7730010,6900,Van@NYR 07:00PM ET,Van,
,,,,,,,,,,G,Jacob Markstrom (7730013),Jacob Markstrom,7730013,6900,Van@NYR 07:00PM ET,Van,
,,,,,,,,,,C,Evgeni Malkin (7729480),Evgeni Malkin,7729480,6900,Edm@Pit 07:00PM ET,Pit,
,,,,,,,,,,LW,Max Pacioretty (7729632),Max Pacioretty,7729632,6900,Bos@Mon 07:30PM ET,Mon,
,,,,,,,,,,G,Justin Peters (7730064),Justin Peters,7730064,6900,Ari@Col 09:00PM ET,Ari,
,,,,,,,,,,G,Cam Ward (7730004),Cam Ward,7730004,6800,Car@NJ 07:00PM ET,Car,
,,,,,,,,,,LW,Chris Kreider (7729577),Chris Kreider,7729577,6800,Van@NYR 07:00PM ET,NYR,
,,,,,,,,,,RW,Rick Nash (7729690),Rick Nash,7729690,6800,Van@NYR 07:00PM ET,NYR,
,,,,,,,,,,C,Claude Giroux (7729467),Claude Giroux,7729467,6800,Det@Phi 07:00PM ET,Phi,
,,,,,,,,,,G,Malcolm Subban (7730047),Malcolm Subban,7730047,6800,Bos@Mon 07:30PM ET,Bos,
,,,,,,,,,,LW,Jamie Benn (7729658),Jamie Benn,7729658,6800,Dal@Wpg 08:00PM ET,Dal,
,,,,,,,,,,G,Eddie Lack (7730006),Eddie Lack,7730006,6700,Car@NJ 07:00PM ET,Car,
,,,,,,,,,,RW,Jordan Eberle (7729720),Jordan Eberle,7729720,6700,Edm@Pit 07:00PM ET,Edm,
,,,,,,,,,,C,Patrice Bergeron (7729516),Patrice Bergeron,7729516,6700,Bos@Mon 07:30PM ET,Bos,
,,,,,,,,,,G,Matthew O'Connor (7730056),Matthew O'Connor,7730056,6700,Ott@Nsh 08:00PM ET,Ott,
,,,,,,,,,,G,Alex Nedeljkovic (7730009),Alex Nedeljkovic,7730009,6600,Car@NJ 07:00PM ET,Car,
,,,,,,,,,,RW,Mats Zuccarello (7729695),Mats Zuccarello,7729695,6600,Van@NYR 07:00PM ET,NYR,
,,,,,,,,,,G,Richard Bachman (7730012),Richard Bachman,7730012,6600,Van@NYR 07:00PM ET,Van,
,,,,,,,,,,G,Anthony Stolarz (7730021),Anthony Stolarz,7730021,6600,Det@Phi 07:00PM ET,Phi,
,,,,,,,,,,D,Kris Letang (7729868),Kris Letang,7729868,6600,Edm@Pit 07:00PM ET,Pit,
,,,,,,,,,,C,Alex Galchenyuk (7729522),Alex Galchenyuk,7729522,6600,Bos@Mon 07:30PM ET,Mon,
,,,,,,,,,,RW,Patrik Laine (7729789),Patrik Laine,7729789,6600,Dal@Wpg 08:00PM ET,Wpg,
,,,,,,,,,,G,Ondrej Pavelec (7730058),Ondrej Pavelec,7730058,6600,Dal@Wpg 08:00PM ET,Wpg,
,,,,,,,,,,LW,Taylor Hall (7729564),Taylor Hall,7729564,6500,Car@NJ 07:00PM ET,NJ,
,,,,,,,,,,G,Scott Wedgewood (7730007),Scott Wedgewood,7730007,6500,Car@NJ 07:00PM ET,NJ,
,,,,,,,,,,G,Magnus Hellberg (7730014),Magnus Hellberg,7730014,6500,Van@NYR 07:00PM ET,NYR,
,,,,,,,,,,RW,Jakub Voracek (7729705),Jakub Voracek,7729705,6500,Det@Phi 07:00PM ET,Phi,
,,,,,,,,,,G,Laurent Brossoit (7730025),Laurent Brossoit,7730025,6500,Edm@Pit 07:00PM ET,Edm,
,,,,,,,,,,G,Joe Cannata (7730032),Joe Cannata,7730032,6500,SJ@Was 07:00PM ET,Was,
,,,,,,,,,,G,Garret Sparks (7730041),Garret Sparks,7730041,6500,LA@Tor 07:30PM ET,Tor,
,,,,,,,,,,RW,David Pastrnak (7729761),David Pastrnak,7729761,6500,Bos@Mon 07:30PM ET,Bos,
,,,,,,,,,,G,Charlie Lindgren (7730048),Charlie Lindgren,7730048,6500,Bos@Mon 07:30PM ET,Mon,
,,,,,,,,,,G,Scott Greenham (7730051),Scott Greenham,7730051,6500,Ott@Nsh 08:00PM ET,Ott,
,,,,,,,,,,G,Juuse Saros (7730055),Juuse Saros,7730055,6500,Ott@Nsh 08:00PM ET,Nsh,
,,,,,,,,,,RW,Blake Wheeler (7729780),Blake Wheeler,7729780,6500,Dal@Wpg 08:00PM ET,Wpg,
,,,,,,,,,,C,Matt Duchene (7729554),Matt Duchene,7729554,6500,Ari@Col 09:00PM ET,Col,
,,,,,,,,,,LW,Jeff Skinner (7729565),Jeff Skinner,7729565,6400,Car@NJ 07:00PM ET,Car,
,,,,,,,,,,G,Michael Leighton (7730003),Michael Leighton,7730003,6400,Car@NJ 07:00PM ET,Car,
,,,,,,,,,,G,Edward Pasquale (7730019),Edward Pasquale,7730019,6400,Det@Phi 07:00PM ET,Det,
,,,,,,,,,,RW,Patric Hornqvist (7729719),Patric Hornqvist,7729719,6400,Edm@Pit 07:00PM ET,Pit,
,,,,,,,,,,G,Sean Maguire (7730027),Sean Maguire,7730027,6400,Edm@Pit 07:00PM ET,Pit,
,,,,,,,,,,G,Tristan Jarry (7730028),Tristan Jarry,7730028,6400,Edm@Pit 07:00PM ET,Pit,
,,,,,,,,,,G,Jack Campbell (7730039),Jack Campbell,7730039,6400,LA@Tor 07:30PM ET,LA,
,,,,,,,,,,D,Roman Josi (7729954),Roman Josi,7729954,6400,Ott@Nsh 08:00PM ET,Nsh,
,,,,,,,,,,G,Max Lagace (7730062),Max Lagace,7730062,6400,Dal@Wpg 08:00PM ET,Dal,
,,,,,,,,,,G,Spencer Martin (7730068),Spencer Martin,7730068,6400,Ari@Col 09:00PM ET,Col,
,,,,,,,,,,RW,Wayne Simmonds (7729706),Wayne Simmonds,7729706,6300,Det@Phi 07:00PM ET,Phi,
,,,,,,,,,,G,Troy Grosenick (7730033),Troy Grosenick,7730033,6300,SJ@Was 07:00PM ET,SJ,
,,,,,,,,,,D,P.K. Subban (7729951),P.K. Subban,7729951,6300,Ott@Nsh 08:00PM ET,Nsh,
,,,,,,,,,,LW,Nathan MacKinnon (7729676),Nathan MacKinnon,7729676,6300,Ari@Col 09:00PM ET,Col,
,,,,,,,,,,C,Mika Zibanejad (7729460),Mika Zibanejad,7729460,6200,Van@NYR 07:00PM ET,NYR,
,,,,,,,,,,RW,William Nylander (7729749),William Nylander,7729749,6200,LA@Tor 07:30PM ET,Tor,
,,,,,,,,,,RW,Phil Kessel (7729717),Phil Kessel,7729717,6100,Edm@Pit 07:00PM ET,Pit,
,,,,,,,,,,C,Logan Couture (7729492),Logan Couture,7729492,6100,SJ@Was 07:00PM ET,SJ,
,,,,,,,,,,C,Evgeny Kuznetsov (7729496),Evgeny Kuznetsov,7729496,6100,SJ@Was 07:00PM ET,Was,
,,,,,,,,,,D,Dustin Byfuglien (7729965),Dustin Byfuglien,7729965,6100,Dal@Wpg 08:00PM ET,Wpg,
,,,,,,,,,,C,Nicklas Backstrom (7729491),Nicklas Backstrom,7729491,6000,SJ@Was 07:00PM ET,Was,
,,,,,,,,,,RW,Alexander Radulov (7729752),Alexander Radulov,7729752,6000,Bos@Mon 07:30PM ET,Mon,
,,,,,,,,,,LW,Mike Hoffman (7729649),Mike Hoffman,7729649,6000,Ott@Nsh 08:00PM ET,Ott,
,,,,,,,,,,C,Derek Stepan (7729456),Derek Stepan,7729456,5900,Van@NYR 07:00PM ET,NYR,
,,,,,,,,,,C,Anze Kopitar (7729503),Anze Kopitar,7729503,5900,LA@Tor 07:30PM ET,LA,
,,,,,,,,,,RW,James Neal (7729765),James Neal,7729765,5900,Ott@Nsh 08:00PM ET,Nsh,
,,,,,,,,,,D,Oliver Ekman-Larsson (7729990),Oliver Ekman-Larsson,7729990,5900,Ari@Col 09:00PM ET,Ari,
,,,,,,,,,,RW,Dylan Larkin (7729714),Dylan Larkin,7729714,5800,Det@Phi 07:00PM ET,Det,
,,,,,,,,,,D,Shayne Gostisbehere (7729858),Shayne Gostisbehere,7729858,5800,Det@Phi 07:00PM ET,Phi,
,,,,,,,,,,C,Jeff Carter (7729502),Jeff Carter,7729502,5800,LA@Tor 07:30PM ET,LA,
,,,,,,,,,,C,Victor Rask (7729450),Victor Rask,7729450,5700,Car@NJ 07:00PM ET,Car,
,,,,,,,,,,D,John Carlson (7729894),John Carlson,7729894,5700,SJ@Was 07:00PM ET,Was,
,,,,,,,,,,LW,Filip Forsberg (7729653),Filip Forsberg,7729653,5700,Ott@Nsh 08:00PM ET,Nsh,
,,,,,,,,,,D,Ryan McDonagh (7729828),Ryan McDonagh,7729828,5600,Van@NYR 07:00PM ET,NYR,
,,,,,,,,,,LW,Milan Lucic (7729599),Milan Lucic,7729599,5600,Edm@Pit 07:00PM ET,Edm,
,,,,,,,,,,C,Ryan Johansen (7729530),Ryan Johansen,7729530,5600,Ott@Nsh 08:00PM ET,Nsh,
,,,,,,,,,,RW,Jason Spezza (7729777),Jason Spezza,7729777,5600,Dal@Wpg 08:00PM ET,Dal,
,,,,,,,,,,LW,Daniel Sedin (7729573),Daniel Sedin,7729573,5500,Van@NYR 07:00PM ET,Van,
,,,,,,,,,,D,Mike Green (7729844),Mike Green,7729844,5500,Det@Phi 07:00PM ET,Det,
,,,,,,,,,,C,Joe Thornton (7729489),Joe Thornton,7729489,5500,SJ@Was 07:00PM ET,SJ,
,,,,,,,,,,RW,T.J. Oshie (7729729),T.J. Oshie,7729729,5500,SJ@Was 07:00PM ET,Was,
,,,,,,,,,,LW,Jimmy Vesey (7729580),Jimmy Vesey,7729580,5400,Van@NYR 07:00PM ET,NYR,
,,,,,,,,,,C,Henrik Zetterberg (7729465),Henrik Zetterberg,7729465,5400,Det@Phi 07:00PM ET,Det,
,,,,,,,,,,RW,Tyler Toffoli (7729746),Tyler Toffoli,7729746,5400,LA@Tor 07:30PM ET,LA,
,,,,,,,,,,C,Kyle Turris (7729529),Kyle Turris,7729529,5400,Ott@Nsh 08:00PM ET,Ott,
,,,,,,,,,,LW,Gabriel Landeskog (7729674),Gabriel Landeskog,7729674,5400,Ari@Col 09:00PM ET,Col,
,,,,,,,,,,D,Justin Faulk (7729808),Justin Faulk,7729808,5300,Car@NJ 07:00PM ET,Car,
,,,,,,,,,,RW,J.T. Miller (7729698),J.T. Miller,7729698,5300,Van@NYR 07:00PM ET,NYR,
,,,,,,,,,,C,Brayden Schenn (7729470),Brayden Schenn,7729470,5300,Det@Phi 07:00PM ET,Phi,
,,,,,,,,,,LW,Gustav Nyquist (7729589),Gustav Nyquist,7729589,5300,Det@Phi 07:00PM ET,Det,
,,,,,,,,,,RW,David Backes (7729753),David Backes,7729753,5300,Bos@Mon 07:30PM ET,Bos,
,,,,,,,,,,C,David Krejci (7729517),David Krejci,7729517,5200,Bos@Mon 07:30PM ET,Bos,
,,,,,,,,,,LW,Bobby Ryan (7729645),Bobby Ryan,7729645,5200,Ott@Nsh 08:00PM ET,Ott,
,,,,,,,,,,LW,Tomas Tatar (7729585),Tomas Tatar,7729585,5100,Det@Phi 07:00PM ET,Det,
,,,,,,,,,,C,Nazem Kadri (7729505),Nazem Kadri,7729505,5100,LA@Tor 07:30PM ET,Tor,
,,,,,,,,,,LW,James van Riemsdyk (7729621),James van Riemsdyk,7729621,5100,LA@Tor 07:30PM ET,Tor,
,,,,,,,,,,D,Drew Doughty (7729913),Drew Doughty,7729913,5100,LA@Tor 07:30PM ET,LA,
,,,,,,,,,,RW,Mark Stone (7729769),Mark Stone,7729769,5100,Ott@Nsh 08:00PM ET,Ott,
,,,,,,,,,,C,Martin Hanzal (7729551),Martin Hanzal,7729551,5100,Ari@Col 09:00PM ET,Ari,
,,,,,,,,,,D,Erik Johnson (7729986),Erik Johnson,7729986,5100,Ari@Col 09:00PM ET,Col,
,,,,,,,,,,C,Frans Nielsen (7729466),Frans Nielsen,7729466,5000,Det@Phi 07:00PM ET,Det,
,,,,,,,,,,LW,Tanner Pearson (7729629),Tanner Pearson,7729629,5000,LA@Tor 07:30PM ET,LA,
,,,,,,,,,,RW,Mitchell Marner (7729751),Mitchell Marner,7729751,5000,LA@Tor 07:30PM ET,Tor,
,,,,,,,,,,C,Derick Brassard (7729528),Derick Brassard,7729528,5000,Ott@Nsh 08:00PM ET,Ott,
,,,,,,,,,,LW,Patrick Sharp (7729656),Patrick Sharp,7729656,5000,Dal@Wpg 08:00PM ET,Dal,
,,,,,,,,,,D,John Klingberg (7729976),John Klingberg,7729976,5000,Dal@Wpg 08:00PM ET,Dal,
,,,,,,,,,,C,Ryan Nugent-Hopkins (7729485),Ryan Nugent-Hopkins,7729485,4900,Edm@Pit 07:00PM ET,Edm,
,,,,,,,,,,D,Alec Martinez (7729912),Alec Martinez,7729912,4900,LA@Tor 07:30PM ET,LA,
,,,,,,,,,,RW,Lee Stempniak (7729683),Lee Stempniak,7729683,4800,Car@NJ 07:00PM ET,Car,
,,,,,,,,,,RW,Thomas Vanek (7729703),Thomas Vanek,7729703,4800,Det@Phi 07:00PM ET,Det,
,,,,,,,,,,C,Leon Draisaitl (7729487),Leon Draisaitl,7729487,4800,Edm@Pit 07:00PM ET,Edm,
,,,,,,,,,,LW,Tomas Hertl (7729615),Tomas Hertl,7729615,4800,SJ@Was 07:00PM ET,SJ,
,,,,,,,,,,C,Tomas Plekanec (7729514),Tomas Plekanec,7729514,4800,Bos@Mon 07:30PM ET,Mon,
,,,,,,,,,,C,Bryan Little (7729534),Bryan Little,7729534,4800,Dal@Wpg 08:00PM ET,Wpg,
,,,,,,,,,,D,Tyson Barrie (7729996),Tyson Barrie,7729996,4800,Ari@Col 09:00PM ET,Col,
,,,,,,,,,,RW,Kyle Palmieri (7729684),Kyle Palmieri,7729684,4700,Car@NJ 07:00PM ET,NJ,
,,,,,,,,,,C,Patrick Marleau (7729490),Patrick Marleau,7729490,4700,SJ@Was 07:00PM ET,SJ,
,,,,,,,,,,LW,Marcus Johansson (7729612),Marcus Johansson,7729612,4700,SJ@Was 07:00PM ET,Was,
,,,,,,,,,,RW,Marian Gaborik (7729739),Marian Gaborik,7729739,4700,LA@Tor 07:30PM ET,LA,
,,,,,,,,,,D,Torey Krug (7729940),Torey Krug,7729940,4700,Bos@Mon 07:30PM ET,Bos,
,,,,,,,,,,RW,Michael Cammalleri (7729681),Michael Cammalleri,7729681,4600,Car@NJ 07:00PM ET,NJ,
,,,,,,,,,,C,Henrik Sedin (7729453),Henrik Sedin,7729453,4600,Van@NYR 07:00PM ET,Van,
,,,,,,,,,,LW,Michael Grabner (7729575),Michael Grabner,7729575,4600,Van@NYR 07:00PM ET,NYR,
,,,,,,,,,,RW,Loui Eriksson (7729691),Loui Eriksson,7729691,4600,Van@NYR 07:00PM ET,Van,
,,,,,,,,,,D,Jake Muzzin (7729917),Jake Muzzin,7729917,4600,LA@Tor 07:30PM ET,LA,
,,,,,,,,,,RW,Craig Smith (7729770),Craig Smith,7729770,4600,Ott@Nsh 08:00PM ET,Nsh,
,,,,,,,,,,RW,Ales Hemsky (7729776),Ales Hemsky,7729776,4600,Dal@Wpg 08:00PM ET,Dal,
,,,,,,,,,,RW,Patrick Eaves (7729778),Patrick Eaves,7729778,4600,Dal@Wpg 08:00PM ET,Dal,
,,,,,,,,,,D,Jacob Trouba (7729978),Jacob Trouba,7729978,4600,Dal@Wpg 08:00PM ET,Wpg,
,,,,,,,,,,LW,Travis Konecny (7729594),Travis Konecny,7729594,4500,Det@Phi 07:00PM ET,Phi,
,,,,,,,,,,RW,Mark Letestu (7729718),Mark Letestu,7729718,4500,Edm@Pit 07:00PM ET,Edm,
,,,,,,,,,,D,Jeff Petry (7729933),Jeff Petry,7729933,4500,Bos@Mon 07:30PM ET,Mon,
,,,,,,,,,,C,Mike Fisher (7729526),Mike Fisher,7729526,4500,Ott@Nsh 08:00PM ET,Nsh,
,,,,,,,,,,LW,Max Domi (7729677),Max Domi,7729677,4500,Ari@Col 09:00PM ET,Ari,
,,,,,,,,,,RW,Radim Vrbata (7729792),Radim Vrbata,7729792,4500,Ari@Col 09:00PM ET,Ari,
,,,,,,,,,,D,Francois Beauchemin (7729983),Francois Beauchemin,7729983,4500,Ari@Col 09:00PM ET,Col,
,,,,,,,,,,C,Travis Zajac (7729445),Travis Zajac,7729445,4400,Car@NJ 07:00PM ET,NJ,
,,,,,,,,,,C,Sean Couturier (7729473),Sean Couturier,7729473,4400,Det@Phi 07:00PM ET,Phi,
,,,,,,,,,,RW,Justin Abdelkader (7729707),Justin Abdelkader,7729707,4400,Det@Phi 07:00PM ET,Det,
,,,,,,,,,,C,Nick Bonino (7729483),Nick Bonino,7729483,4400,Edm@Pit 07:00PM ET,Pit,
,,,,,,,,,,LW,Patrick Maroon (7729600),Patrick Maroon,7729600,4400,Edm@Pit 07:00PM ET,Edm,
,,,,,,,,,,LW,Mikkel Boedker (7729611),Mikkel Boedker,7729611,4400,SJ@Was 07:00PM ET,SJ,
,,,,,,,,,,LW,Andre Burakovsky (7729616),Andre Burakovsky,7729616,4400,SJ@Was 07:00PM ET,Was,
,,,,,,,,,,D,Zdeno Chara (7729928),Zdeno Chara,7729928,4400,Bos@Mon 07:30PM ET,Bos,
,,,,,,,,,,D,Andrei Markov (7729929),Andrei Markov,7729929,4400,Bos@Mon 07:30PM ET,Mon,
,,,,,,,,,,D,Alex Goligoski (7729987),Alex Goligoski,7729987,4400,Ari@Col 09:00PM ET,Ari,
,,,,,,,,,,D,Michael Stone (7729989),Michael Stone,7729989,4400,Ari@Col 09:00PM ET,Ari,
,,,,,,,,,,D,Damon Severson (7729812),Damon Severson,7729812,4300,Car@NJ 07:00PM ET,NJ,
,,,,,,,,,,D,Alexander Edler (7729827),Alexander Edler,7729827,4300,Van@NYR 07:00PM ET,Van,
,,,,,,,,,,C,Darren Helm (7729468),Darren Helm,7729468,4300,Det@Phi 07:00PM ET,Det,
,,,,,,,,,,LW,Benoit Pouliot (7729596),Benoit Pouliot,7729596,4300,Edm@Pit 07:00PM ET,Edm,
,,,,,,,,,,RW,Jesse Puljujarvi (7729727),Jesse Puljujarvi,7729727,4300,Edm@Pit 07:00PM ET,Edm,
,,,,,,,,,,LW,Viktor Arvidsson (7729655),Viktor Arvidsson,7729655,4300,Ott@Nsh 08:00PM ET,Nsh,
,,,,,,,,,,RW,Zack Smith (7729767),Zack Smith,7729767,4300,Ott@Nsh 08:00PM ET,Ott,
,,,,,,,,,,LW,Nikolaj Ehlers (7729666),Nikolaj Ehlers,7729666,4300,Dal@Wpg 08:00PM ET,Wpg,
,,,,,,,,,,RW,Jiri Hudler (7729775),Jiri Hudler,7729775,4300,Dal@Wpg 08:00PM ET,Dal,
,,,,,,,,,,C,Carl Soderberg (7729552),Carl Soderberg,7729552,4300,Ari@Col 09:00PM ET,Col,
,,,,,,,,,,C,Jordan Staal (7729446),Jordan Staal,7729446,4200,Car@NJ 07:00PM ET,Car,
,,,,,,,,,,D,Mark Streit (7729845),Mark Streit,7729845,4200,Det@Phi 07:00PM ET,Phi,
,,,,,,,,,,LW,Chris Kunitz (7729595),Chris Kunitz,7729595,4200,Edm@Pit 07:00PM ET,Pit,
,,,,,,,,,,LW,Carl Hagelin (7729604),Carl Hagelin,7729604,4200,Edm@Pit 07:00PM ET,Pit,
,,,,,,,,,,D,Kris Russell (7729866),Kris Russell,7729866,4200,Edm@Pit 07:00PM ET,Edm,
,,,,,,,,,,RW,Justin Williams (7729728),Justin Williams,7729728,4200,SJ@Was 07:00PM ET,Was,
,,,,,,,,,,D,Matt Niskanen (7729890),Matt Niskanen,7729890,4200,SJ@Was 07:00PM ET,Was,
,,,,,,,,,,D,Marc-Edouard Vlasic (7729891),Marc-Edouard Vlasic,7729891,4200,SJ@Was 07:00PM ET,SJ,
,,,,,,,,,,RW,Jarome Iginla (7729791),Jarome Iginla,7729791,4200,Ari@Col 09:00PM ET,Col,
,,,,,,,,,,C,Adam Henrique (7729449),Adam Henrique,7729449,4100,Car@NJ 07:00PM ET,NJ,
,,,,,,,,,,LW,Sebastian Aho (7729572),Sebastian Aho,7729572,4100,Car@NJ 07:00PM ET,Car,
,,,,,,,,,,C,Brandon Sutter (7729454),Brandon Sutter,7729454,4100,Van@NYR 07:00PM ET,Van,
,,,,,,,,,,C,Kevin Hayes (7729455),Kevin Hayes,7729455,4100,Van@NYR 07:00PM ET,NYR,
,,,,,,,,,,D,Michael Del Zotto (7729850),Michael Del Zotto,7729850,4100,Det@Phi 07:00PM ET,Phi,
,,,,,,,,,,D,Andrej Sekera (7729867),Andrej Sekera,7729867,4100,Edm@Pit 07:00PM ET,Edm,
,,,,,,,,,,C,Tyler Bozak (7729504),Tyler Bozak,7729504,4100,LA@Tor 07:30PM ET,Tor,
,,,,,,,,,,LW,Dustin Brown (7729619),Dustin Brown,7729619,4100,LA@Tor 07:30PM ET,LA,
,,,,,,,,,,RW,Teddy Purcell (7729744),Teddy Purcell,7729744,4100,LA@Tor 07:30PM ET,LA,
,,,,,,,,,,RW,Leo Komarov (7729747),Leo Komarov,7729747,4100,LA@Tor 07:30PM ET,Tor,
,,,,,,,,,,D,Morgan Rielly (7729924),Morgan Rielly,7729924,4100,LA@Tor 07:30PM ET,Tor,
,,,,,,,,,,LW,Cody Eakin (7729659),Cody Eakin,7729659,4100,Dal@Wpg 08:00PM ET,Dal,
,,,,,,,,,,RW,Drew Stafford (7729781),Drew Stafford,7729781,4100,Dal@Wpg 08:00PM ET,Wpg,
,,,,,,,,,,C,Brad Richardson (7729550),Brad Richardson,7729550,4100,Ari@Col 09:00PM ET,Ari,
,,,,,,,,,,RW,Shane Doan (7729790),Shane Doan,7729790,4100,Ari@Col 09:00PM ET,Ari,
,,,,,,,,,,C,Elias Lindholm (7729451),Elias Lindholm,7729451,4000,Car@NJ 07:00PM ET,Car,
,,,,,,,,,,D,Noah Hanifin (7729820),Noah Hanifin,7729820,4000,Car@NJ 07:00PM ET,Car,
,,,,,,,,,,LW,Sven Baertschi (7729578),Sven Baertschi,7729578,4000,Van@NYR 07:00PM ET,Van,
,,,,,,,,,,RW,Jannik Hansen (7729693),Jannik Hansen,7729693,4000,Van@NYR 07:00PM ET,Van,
,,,,,,,,,,LW,Matt Read (7729588),Matt Read,7729588,4000,Det@Phi 07:00PM ET,Phi,
,,,,,,,,,,LW,Scott Wilson (7729605),Scott Wilson,7729605,4000,Edm@Pit 07:00PM ET,Pit,
,,,,,,,,,,D,Oscar Klefbom (7729875),Oscar Klefbom,7729875,4000,Edm@Pit 07:00PM ET,Edm,
,,,,,,,,,,LW,Joonas Donskoi (7729613),Joonas Donskoi,7729613,4000,SJ@Was 07:00PM ET,SJ,
,,,,,,,,,,C,Frank Vatrano (7729524),Frank Vatrano,7729524,4000,Bos@Mon 07:30PM ET,Bos,
,,,,,,,,,,LW,Ryan Spooner (7729637),Ryan Spooner,7729637,4000,Bos@Mon 07:30PM ET,Bos,
,,,,,,,,,,LW,Artturi Lehkonen (7729641),Artturi Lehkonen,7729641,4000,Bos@Mon 07:30PM ET,Mon,
,,,,,,,,,,D,Dion Phaneuf (7729945),Dion Phaneuf,7729945,4000,Ott@Nsh 08:00PM ET,Ott,
,,,,,,,,,,C,Mathieu Perreault (7729536),Mathieu Perreault,7729536,4000,Dal@Wpg 08:00PM ET,Wpg,
,,,,,,,,,,D,Tyler Myers (7729969),Tyler Myers,7729969,4000,Dal@Wpg 08:00PM ET,Wpg,
,,,,,,,,,,C,Dylan Strome (7729559),Dylan Strome,7729559,4000,Ari@Col 09:00PM ET,Ari,
,,,,,,,,,,RW,Anthony Duclair (7729800),Anthony Duclair,7729800,4000,Ari@Col 09:00PM ET,Ari,
,,,,,,,,,,LW,Joakim Nordstrom (7729567),Joakim Nordstrom,7729567,3900,Car@NJ 07:00PM ET,Car,
,,,,,,,,,,LW,Pavel Zacha (7729571),Pavel Zacha,7729571,3900,Car@NJ 07:00PM ET,NJ,
,,,,,,,,,,RW,P.A. Parenteau (7729682),P.A. Parenteau,7729682,3900,Car@NJ 07:00PM ET,NJ,
,,,,,,,,,,RW,Teuvo Teravainen (7729687),Teuvo Teravainen,7729687,3900,Car@NJ 07:00PM ET,Car,
,,,,,,,,,,C,Bo Horvat (7729463),Bo Horvat,7729463,3900,Van@NYR 07:00PM ET,Van,
,,,,,,,,,,D,Trevor Daley (7729865),Trevor Daley,7729865,3900,Edm@Pit 07:00PM ET,Pit,
,,,,,,,,,,RW,Joel Ward (7729732),Joel Ward,7729732,3900,SJ@Was 07:00PM ET,SJ,
,,,,,,,,,,C,Riley Nash (7729519),Riley Nash,7729519,3900,Bos@Mon 07:30PM ET,Bos,
,,,,,,,,,,RW,Andrew Shaw (7729757),Andrew Shaw,7729757,3900,Bos@Mon 07:30PM ET,Mon,
,,,,,,,,,,C,Mike Ribeiro (7729525),Mike Ribeiro,7729525,3900,Ott@Nsh 08:00PM ET,Nsh,
,,,,,,,,,,C,Ryan Dzingel (7729532),Ryan Dzingel,7729532,3900,Ott@Nsh 08:00PM ET,Ott,
,,,,,,,,,,RW,Jean-Gabriel Pageau (7729772),Jean-Gabriel Pageau,7729772,3900,Ott@Nsh 08:00PM ET,Ott,
,,,,,,,,,,RW,Devante Smith-Pelly (7729685),Devante Smith-Pelly,7729685,3800,Car@NJ 07:00PM ET,NJ,
,,,,,,,,,,C,Brandon Pirri (7729459),Brandon Pirri,7729459,3800,Van@NYR 07:00PM ET,NYR,
,,,,,,,,,,D,Ben Hutton (7729839),Ben Hutton,7729839,3800,Van@NYR 07:00PM ET,Van,
,,,,,,,,,,LW,Riley Sheahan (7729587),Riley Sheahan,7729587,3800,Det@Phi 07:00PM ET,Det,
,,,,,,,,,,C,Matt Cullen (7729479),Matt Cullen,7729479,3800,Edm@Pit 07:00PM ET,Pit,
,,,,,,,,,,LW,Conor Sheary (7729607),Conor Sheary,7729607,3800,Edm@Pit 07:00PM ET,Pit,
,,,,,,,,,,D,Justin Schultz (7729882),Justin Schultz,7729882,3800,Edm@Pit 07:00PM ET,Pit,
,,,,,,,,,,D,Dmitry Orlov (7729899),Dmitry Orlov,7729899,3800,SJ@Was 07:00PM ET,Was,
,,,,,,,,,,D,Nikita Zaitsev (7729927),Nikita Zaitsev,7729927,3800,LA@Tor 07:30PM ET,Tor,
,,,,,,,,,,LW,Matt Beleskey (7729634),Matt Beleskey,7729634,3800,Bos@Mon 07:30PM ET,Bos,
,,,,,,,,,,D,Ryan Ellis (7729952),Ryan Ellis,7729952,3800,Ott@Nsh 08:00PM ET,Nsh,
,,,,,,,,,,LW,Tobias Rieder (7729675),Tobias Rieder,7729675,3800,Ari@Col 09:00PM ET,Ari,
,,,,,,,,,,RW,Mikko Rantanen (7729801),Mikko Rantanen,7729801,3800,Ari@Col 09:00PM ET,Col,
,,,,,,,,,,RW,Andrej Nestrasil (7729686),Andrej Nestrasil,7729686,3700,Car@NJ 07:00PM ET,Car,
,,,,,,,,,,D,Jaccob Slavin (7729814),Jaccob Slavin,7729814,3700,Car@NJ 07:00PM ET,Car,
,,,,,,,,,,D,Christopher Tanev (7729833),Christopher Tanev,7729833,3700,Van@NYR 07:00PM ET,Van,
,,,,,,,,,,D,Niklas Kronwall (7729843),Niklas Kronwall,7729843,3700,Det@Phi 07:00PM ET,Det,
,,,,,,,,,,D,Jake Gardiner (7729914),Jake Gardiner,7729914,3700,LA@Tor 07:30PM ET,Tor,
,,,,,,,,,,C,David Desharnais (7729520),David Desharnais,7729520,3700,Bos@Mon 07:30PM ET,Mon,
,,,,,,,,,,D,Nathan Beaulieu (7729938),Nathan Beaulieu,7729938,3700,Bos@Mon 07:30PM ET,Mon,
,,,,,,,,,,D,Mattias Ekholm (7729958),Mattias Ekholm,7729958,3700,Ott@Nsh 08:00PM ET,Nsh,
,,,,,,,,,,D,Cody Ceci (7729961),Cody Ceci,7729961,3700,Ott@Nsh 08:00PM ET,Ott,
,,,,,,,,,,LW,Jamie McGinn (7729671),Jamie McGinn,7729671,3700,Ari@Col 09:00PM ET,Ari,
,,,,,,,,,,RW,Blake Comeau (7729793),Blake Comeau,7729793,3700,Ari@Col 09:00PM ET,Col,
,,,,,,,,,,RW,Jesper Fast (7729697),Jesper Fast,7729697,3600,Van@NYR 07:00PM ET,NYR,
,,,,,,,,,,LW,Michael Raffl (7729591),Michael Raffl,7729591,3600,Det@Phi 07:00PM ET,Phi,
,,,,,,,,,,D,Radko Gudas (7729852),Radko Gudas,7729852,3600,Det@Phi 07:00PM ET,Phi,
,,,,,,,,,,D,Ivan Provorov (7729863),Ivan Provorov,7729863,3600,Det@Phi 07:00PM ET,Phi,
,,,,,,,,,,D,Adam Larsson (7729874),Adam Larsson,7729874,3600,Edm@Pit 07:00PM ET,Edm,
,,,,,,,,,,D,Karl Alzner (7729892),Karl Alzner,7729892,3600,SJ@Was 07:00PM ET,Was,
,,,,,,,,,,C,Calle Jarnkrok (7729531),Calle Jarnkrok,7729531,3600,Ott@Nsh 08:00PM ET,Nsh,
,,,,,,,,,,LW,Antoine Roussel (7729661),Antoine Roussel,7729661,3600,Dal@Wpg 08:00PM ET,Dal,
,,,,,,,,,,RW,Brett Ritchie (7729786),Brett Ritchie,7729786,3600,Dal@Wpg 08:00PM ET,Dal,
,,,,,,,,,,RW,Kyle Connor (7729788),Kyle Connor,7729788,3600,Dal@Wpg 08:00PM ET,Wpg,
,,,,,,,,,,D,Kevin Klein (7729823),Kevin Klein,7729823,3500,Van@NYR 07:00PM ET,NYR,
,,,,,,,,,,D,Philip Larsen (7729831),Philip Larsen,7729831,3500,Van@NYR 07:00PM ET,Van,
,,,,,,,,,,D,Brandon Manning (7729857),Brandon Manning,7729857,3500,Det@Phi 07:00PM ET,Phi,
,,,,,,,,,,D,Danny DeKeyser (7729859),Danny DeKeyser,7729859,3500,Det@Phi 07:00PM ET,Det,
,,,,,,,,,,D,Olli Maatta (7729881),Olli Maatta,7729881,3500,Edm@Pit 07:00PM ET,Pit,
,,,,,,,,,,D,Brooks Orpik (7729887),Brooks Orpik,7729887,3500,SJ@Was 07:00PM ET,Was,
,,,,,,,,,,D,Justin Braun (7729896),Justin Braun,7729896,3500,SJ@Was 07:00PM ET,SJ,
,,,,,,,,,,C,Peter Holland (7729506),Peter Holland,7729506,3500,LA@Tor 07:30PM ET,Tor,
,,,,,,,,,,RW,Nikita Soshnikov (7729750),Nikita Soshnikov,7729750,3500,LA@Tor 07:30PM ET,Tor,
,,,,,,,,,,RW,Austin Czarnik (7729762),Austin Czarnik,7729762,3500,Bos@Mon 07:30PM ET,Bos,
,,,,,,,,,,D,Brandon Carlo (7729944),Brandon Carlo,7729944,3500,Bos@Mon 07:30PM ET,Bos,
,,,,,,,,,,LW,Colin Wilson (7729648),Colin Wilson,7729648,3500,Ott@Nsh 08:00PM ET,Nsh,
,,,,,,,,,,RW,Kevin Fiala (7729774),Kevin Fiala,7729774,3500,Ott@Nsh 08:00PM ET,Nsh,
,,,,,,,,,,C,Radek Faksa (7729542),Radek Faksa,7729542,3500,Dal@Wpg 08:00PM ET,Dal,
,,,,,,,,,,C,Devin Shore (7729543),Devin Shore,7729543,3500,Dal@Wpg 08:00PM ET,Dal,
,,,,,,,,,,C,Mikhail Grigorenko (7729555),Mikhail Grigorenko,7729555,3500,Ari@Col 09:00PM ET,Col,
,,,,,,,,,,RW,Joe Colborne (7729796),Joe Colborne,7729796,3500,Ari@Col 09:00PM ET,Col,
,,,,,,,,,,D,Andy Greene (7729804),Andy Greene,7729804,3400,Car@NJ 07:00PM ET,NJ,
,,,,,,,,,,LW,Pavel Buchnevich (7729582),Pavel Buchnevich,7729582,3400,Van@NYR 07:00PM ET,NYR,
,,,,,,,,,,RW,Jake Virtanen (7729701),Jake Virtanen,7729701,3400,Van@NYR 07:00PM ET,Van,
,,,,,,,,,,D,Dan Girardi (7729825),Dan Girardi,7729825,3400,Van@NYR 07:00PM ET,NYR,
,,,,,,,,,,RW,Dale Weise (7729708),Dale Weise,7729708,3400,Det@Phi 07:00PM ET,Phi,
,,,,,,,,,,RW,Andreas Athanasiou (7729712),Andreas Athanasiou,7729712,3400,Det@Phi 07:00PM ET,Det,
,,,,,,,,,,D,Ryan Sproul (7729854),Ryan Sproul,7729854,3400,Det@Phi 07:00PM ET,Det,
,,,,,,,,,,RW,Zack Kassian (7729721),Zack Kassian,7729721,3400,Edm@Pit 07:00PM ET,Edm,
,,,,,,,,,,D,Darnell Nurse (7729885),Darnell Nurse,7729885,3400,Edm@Pit 07:00PM ET,Edm,
,,,,,,,,,,C,Lars Eller (7729493),Lars Eller,7729493,3400,SJ@Was 07:00PM ET,Was,
,,,,,,,,,,LW,Zach Hyman (7729625),Zach Hyman,7729625,3400,LA@Tor 07:30PM ET,Tor,
,,,,,,,,,,D,Connor Carrick (7729925),Connor Carrick,7729925,3400,LA@Tor 07:30PM ET,Tor,
,,,,,,,,,,D,John-Michael Liles (7729931),John-Michael Liles,7729931,3400,Bos@Mon 07:30PM ET,Bos,
,,,,,,,,,,D,Alexei Emelin (7729937),Alexei Emelin,7729937,3400,Bos@Mon 07:30PM ET,Mon,
,,,,,,,,,,LW,Clarke MacArthur (7729644),Clarke MacArthur,7729644,3400,Ott@Nsh 08:00PM ET,Ott,
,,,,,,,,,,LW,Tom Pyatt (7729647),Tom Pyatt,7729647,3400,Ott@Nsh 08:00PM ET,Ott,
,,,,,,,,,,LW,Shawn Matthias (7729657),Shawn Matthias,7729657,3400,Dal@Wpg 08:00PM ET,Wpg,
,,,,,,,,,,D,Toby Enstrom (7729967),Toby Enstrom,7729967,3400,Dal@Wpg 08:00PM ET,Wpg,
,,,,,,,,,,C,Jordan Martinook (7729556),Jordan Martinook,7729556,3400,Ari@Col 09:00PM ET,Ari,
,,,,,,,,,,D,Patrick Wiercioch (7729992),Patrick Wiercioch,7729992,3400,Ari@Col 09:00PM ET,Col,
,,,,,,,,,,LW,Reid Boucher (7729568),Reid Boucher,7729568,3300,Car@NJ 07:00PM ET,NJ,
,,,,,,,,,,D,Ron Hainsey (7729802),Ron Hainsey,7729802,3300,Car@NJ 07:00PM ET,Car,
,,,,,,,,,,D,Ben Lovejoy (7729805),Ben Lovejoy,7729805,3300,Car@NJ 07:00PM ET,NJ,
,,,,,,,,,,LW,Alexandre Burrows (7729574),Alexandre Burrows,7729574,3300,Van@NYR 07:00PM ET,Van,
,,,,,,,,,,RW,Jack Skille (7729692),Jack Skille,7729692,3300,Van@NYR 07:00PM ET,Van,
,,,,,,,,,,D,Nick Holden (7729829),Nick Holden,7729829,3300,Van@NYR 07:00PM ET,NYR,
,,,,,,,,,,RW,Nick Cousins (7729711),Nick Cousins,7729711,3300,Det@Phi 07:00PM ET,Phi,
,,,,,,,,,,D,Andrew MacDonald (7729847),Andrew MacDonald,7729847,3300,Det@Phi 07:00PM ET,Phi,
,,,,,,,,,,D,Brandon Davidson (7729872),Brandon Davidson,7729872,3300,Edm@Pit 07:00PM ET,Edm,
,,,,,,,,,,RW,Tommy Wingels (7729733),Tommy Wingels,7729733,3300,SJ@Was 07:00PM ET,SJ,
,,,,,,,,,,D,David Schlemko (7729893),David Schlemko,7729893,3300,SJ@Was 07:00PM ET,SJ,
,,,,,,,,,,LW,Josh Leivo (7729627),Josh Leivo,7729627,3300,LA@Tor 07:30PM ET,Tor,
,,,,,,,,,,C,Chris Kelly (7729527),Chris Kelly,7729527,3300,Ott@Nsh 08:00PM ET,Ott,
,,,,,,,,,,C,Mattias Janmark (7729546),Mattias Janmark,7729546,3300,Dal@Wpg 08:00PM ET,Dal,
,,,,,,,,,,D,Jordie Benn (7729971),Jordie Benn,7729971,3300,Dal@Wpg 08:00PM ET,Dal,
,,,,,,,,,,LW,Beau Bennett (7729566),Beau Bennett,7729566,3200,Car@NJ 07:00PM ET,NJ,
,,,,,,,,,,RW,Phillip Di Giuseppe (7729688),Phillip Di Giuseppe,7729688,3200,Car@NJ 07:00PM ET,Car,
,,,,,,,,,,C,Oscar Lindberg (7729457),Oscar Lindberg,7729457,3200,Van@NYR 07:00PM ET,NYR,
,,,,,,,,,,D,Brady Skjei (7729838),Brady Skjei,7729838,3200,Van@NYR 07:00PM ET,NYR,
,,,,,,,,,,C,Pierre-Edouard Bellemare (7729476),Pierre-Edouard Bellemare,7729476,3200,Det@Phi 07:00PM ET,Phi,
,,,,,,,,,,LW,Drew Miller (7729583),Drew Miller,7729583,3200,Det@Phi 07:00PM ET,Det,
,,,,,,,,,,D,Brendan Smith (7729848),Brendan Smith,7729848,3200,Det@Phi 07:00PM ET,Det,
,,,,,,,,,,RW,Eric Fehr (7729716),Eric Fehr,7729716,3200,Edm@Pit 07:00PM ET,Pit,
,,,,,,,,,,LW,Dwight King (7729622),Dwight King,7729622,3200,LA@Tor 07:30PM ET,LA,
,,,,,,,,,,LW,Connor Brown (7729630),Connor Brown,7729630,3200,LA@Tor 07:30PM ET,Tor,
,,,,,,,,,,D,Roman Polak (7729910),Roman Polak,7729910,3200,LA@Tor 07:30PM ET,Tor,
,,,,,,,,,,RW,Jimmy Hayes (7729754),Jimmy Hayes,7729754,3200,Bos@Mon 07:30PM ET,Bos,
,,,,,,,,,,D,Kevan Miller (7729936),Kevan Miller,7729936,3200,Bos@Mon 07:30PM ET,Bos,
,,,,,,,,,,D,Greg Pateryn (7729941),Greg Pateryn,7729941,3200,Bos@Mon 07:30PM ET,Mon,
,,,,,,,,,,D,Colin Miller (7729942),Colin Miller,7729942,3200,Bos@Mon 07:30PM ET,Bos,
,,,,,,,,,,RW,Joel Armia (7729785),Joel Armia,7729785,3200,Dal@Wpg 08:00PM ET,Wpg,
,,,,,,,,,,D,Johnny Oduya (7729966),Johnny Oduya,7729966,3200,Dal@Wpg 08:00PM ET,Dal,
,,,,,,,,,,D,Josh Morrissey (7729980),Josh Morrissey,7729980,3200,Dal@Wpg 08:00PM ET,Wpg,
,,,,,,,,,,D,Luke Schenn (7729988),Luke Schenn,7729988,3200,Ari@Col 09:00PM ET,Ari,
,,,,,,,,,,D,Connor Murphy (7729997),Connor Murphy,7729997,3200,Ari@Col 09:00PM ET,Ari,
,,,,,,,,,,D,Brett Pesce (7729816),Brett Pesce,7729816,3100,Car@NJ 07:00PM ET,Car,
,,,,,,,,,,D,Marc Staal (7729824),Marc Staal,7729824,3100,Van@NYR 07:00PM ET,NYR,
,,,,,,,,,,D,Erik Gudbranson (7729834),Erik Gudbranson,7729834,3100,Van@NYR 07:00PM ET,Van,
,,,,,,,,,,D,Nick Schultz (7729842),Nick Schultz,7729842,3100,Det@Phi 07:00PM ET,Phi,
,,,,,,,,,,RW,Brett Connolly (7729734),Brett Connolly,7729734,3100,SJ@Was 07:00PM ET,Was,
,,,,,,,,,,C,Ben Smith (7729508),Ben Smith,7729508,3100,LA@Tor 07:30PM ET,Tor,
,,,,,,,,,,C,Nick Shore (7729511),Nick Shore,7729511,3100,LA@Tor 07:30PM ET,LA,
,,,,,,,,,,D,Matt Hunwick (7729911),Matt Hunwick,7729911,3100,LA@Tor 07:30PM ET,Tor,
,,,,,,,,,,C,Torrey Mitchell (7729518),Torrey Mitchell,7729518,3100,Bos@Mon 07:30PM ET,Mon,
,,,,,,,,,,LW,Patrik Nemeth (7729660),Patrik Nemeth,7729660,3100,Dal@Wpg 08:00PM ET,Dal,
,,,,,,,,,,D,Dan Hamhuis (7729963),Dan Hamhuis,7729963,3100,Dal@Wpg 08:00PM ET,Dal,
,,,,,,,,,,D,Paul Postma (7729970),Paul Postma,7729970,3100,Dal@Wpg 08:00PM ET,Wpg,
,,,,,,,,,,C,Jay McClement (7729444),Jay McClement,7729444,3000,Car@NJ 07:00PM ET,Car,
,,,,,,,,,,LW,Joseph Blandisi (7729569),Joseph Blandisi,7729569,3000,Car@NJ 07:00PM ET,NJ,
,,,,,,,,,,D,Ryan Murphy (7729810),Ryan Murphy,7729810,3000,Car@NJ 07:00PM ET,Car,
,,,,,,,,,,D,Yohann Auvitu (7729821),Yohann Auvitu,7729821,3000,Car@NJ 07:00PM ET,NJ,
,,,,,,,,,,LW,Markus Granlund (7729579),Markus Granlund,7729579,3000,Van@NYR 07:00PM ET,Van,
,,,,,,,,,,LW,Jayson Megna (7729581),Jayson Megna,7729581,3000,Van@NYR 07:00PM ET,Van,
,,,,,,,,,,C,Scott Laughton (7729475),Scott Laughton,7729475,3000,Det@Phi 07:00PM ET,Phi,
,,,,,,,,,,LW,Garrett Wilson (7729603),Garrett Wilson,7729603,3000,Edm@Pit 07:00PM ET,Pit,
,,,,,,,,,,RW,Bryan Rust (7729723),Bryan Rust,7729723,3000,Edm@Pit 07:00PM ET,Pit,
,,,,,,,,,,D,Derrick Pouliot (7729880),Derrick Pouliot,7729880,3000,Edm@Pit 07:00PM ET,Pit,
,,,,,,,,,,RW,Devin Setoguchi (7729742),Devin Setoguchi,7729742,3000,LA@Tor 07:30PM ET,LA,
,,,,,,,,,,D,Martin Marincin (7729919),Martin Marincin,7729919,3000,LA@Tor 07:30PM ET,Tor,
,,,,,,,,,,D,Brayden McNabb (7729922),Brayden McNabb,7729922,3000,LA@Tor 07:30PM ET,LA,
,,,,,,,,,,LW,Paul Byron (7729636),Paul Byron,7729636,3000,Bos@Mon 07:30PM ET,Mon,
,,,,,,,,,,LW,Harry Zolnierczyk (7729650),Harry Zolnierczyk,7729650,3000,Ott@Nsh 08:00PM ET,Nsh,
,,,,,,,,,,RW,Miikka Salomaki (7729771),Miikka Salomaki,7729771,3000,Ott@Nsh 08:00PM ET,Nsh,
,,,,,,,,,,D,Marc Methot (7729947),Marc Methot,7729947,3000,Ott@Nsh 08:00PM ET,Ott,
,,,,,,,,,,C,Justin Dowling (7729539),Justin Dowling,7729539,3000,Dal@Wpg 08:00PM ET,Dal,
,,,,,,,,,,C,Adam Lowry (7729541),Adam Lowry,7729541,3000,Dal@Wpg 08:00PM ET,Wpg,
,,,,,,,,,,LW,Curtis McKenzie (7729662),Curtis McKenzie,7729662,3000,Dal@Wpg 08:00PM ET,Dal,
,,,,,,,,,,LW,Marko Dano (7729663),Marko Dano,7729663,3000,Dal@Wpg 08:00PM ET,Wpg,
,,,,,,,,,,RW,Lauri Korpikoski (7729782),Lauri Korpikoski,7729782,3000,Dal@Wpg 08:00PM ET,Dal,
,,,,,,,,,,RW,Adam Cracknell (7729783),Adam Cracknell,7729783,3000,Dal@Wpg 08:00PM ET,Dal,
,,,,,,,,,,D,Ben Chiarot (7729973),Ben Chiarot,7729973,3000,Dal@Wpg 08:00PM ET,Wpg,
,,,,,,,,,,LW,Gabriel Bourque (7729672),Gabriel Bourque,7729672,3000,Ari@Col 09:00PM ET,Col,
,,,,,,,,,,LW,Andreas Martinsen (7729679),Andreas Martinsen,7729679,3000,Ari@Col 09:00PM ET,Col,
,,,,,,,,,,LW,Lawson Crouse (7729680),Lawson Crouse,7729680,3000,Ari@Col 09:00PM ET,Ari,
,,,,,,,,,,D,Jakob Chychrun (7730002),Jakob Chychrun,7730002,3000,Ari@Col 09:00PM ET,Ari,
,,,,,,,,,,C,Vernon Fiddler (7729443),Vernon Fiddler,7729443,2900,Car@NJ 07:00PM ET,NJ,
,,,,,,,,,,C,Jacob Josefson (7729447),Jacob Josefson,7729447,2900,Car@NJ 07:00PM ET,NJ,
,,,,,,,,,,LW,Viktor Stalberg (7729563),Viktor Stalberg,7729563,2900,Car@NJ 07:00PM ET,Car,
,,,,,,,,,,D,John Moore (7729806),John Moore,7729806,2900,Car@NJ 07:00PM ET,NJ,
,,,,,,,,,,C,Brendan Gaunce (7729462),Brendan Gaunce,7729462,2900,Van@NYR 07:00PM ET,Van,
,,,,,,,,,,D,Adam Clendening (7729835),Adam Clendening,7729835,2900,Van@NYR 07:00PM ET,NYR,
,,,,,,,,,,C,Jordan Weal (7729471),Jordan Weal,7729471,2900,Det@Phi 07:00PM ET,Phi,
,,,,,,,,,,C,Luke Glendening (7729474),Luke Glendening,7729474,2900,Det@Phi 07:00PM ET,Det,
,,,,,,,,,,D,Jonathan Ericsson (7729846),Jonathan Ericsson,7729846,2900,Det@Phi 07:00PM ET,Det,
,,,,,,,,,,D,Alexey Marchenko (7729856),Alexey Marchenko,7729856,2900,Det@Phi 07:00PM ET,Det,
,,,,,,,,,,LW,Tom Kuhnhackl (7729601),Tom Kuhnhackl,7729601,2900,Edm@Pit 07:00PM ET,Pit,
,,,,,,,,,,RW,Tyler Pitlick (7729722),Tyler Pitlick,7729722,2900,Edm@Pit 07:00PM ET,Edm,
,,,,,,,,,,D,Ian Cole (7729869),Ian Cole,7729869,2900,Edm@Pit 07:00PM ET,Pit,
,,,,,,,,,,D,Eric Gryba (7729870),Eric Gryba,7729870,2900,Edm@Pit 07:00PM ET,Edm,
,,,,,,,,,,D,Matthew Benning (7729883),Matthew Benning,7729883,2900,Edm@Pit 07:00PM ET,Edm,
,,,,,,,,,,C,Jay Beagle (7729494),Jay Beagle,7729494,2900,SJ@Was 07:00PM ET,Was,
,,,,,,,,,,D,Paul Martin (7729888),Paul Martin,7729888,2900,SJ@Was 07:00PM ET,SJ,
,,,,,,,,,,D,Nate Schmidt (7729903),Nate Schmidt,7729903,2900,SJ@Was 07:00PM ET,Was,
,,,,,,,,,,C,Nic Dowd (7729512),Nic Dowd,7729512,2900,LA@Tor 07:30PM ET,LA,
,,,,,,,,,,LW,Michael Mersch (7729628),Michael Mersch,7729628,2900,LA@Tor 07:30PM ET,LA,
,,,,,,,,,,RW,Trevor Lewis (7729743),Trevor Lewis,7729743,2900,LA@Tor 07:30PM ET,LA,
,,,,,,,,,,RW,Seth Griffith (7729748),Seth Griffith,7729748,2900,LA@Tor 07:30PM ET,Tor,
,,,,,,,,,,C,Dominic Moore (7729515),Dominic Moore,7729515,2900,Bos@Mon 07:30PM ET,Bos,
,,,,,,,,,,RW,Brian Flynn (7729758),Brian Flynn,7729758,2900,Bos@Mon 07:30PM ET,Mon,
,,,,,,,,,,RW,Daniel Carr (7729760),Daniel Carr,7729760,2900,Bos@Mon 07:30PM ET,Mon,
,,,,,,,,,,D,Adam McQuaid (7729932),Adam McQuaid,7729932,2900,Bos@Mon 07:30PM ET,Bos,
,,,,,,,,,,D,Joel Hanley (7729943),Joel Hanley,7729943,2900,Bos@Mon 07:30PM ET,Mon,
,,,,,,,,,,C,Colton Sissons (7729533),Colton Sissons,7729533,2900,Ott@Nsh 08:00PM ET,Nsh,
,,,,,,,,,,LW,Cody Bass (7729646),Cody Bass,7729646,2900,Ott@Nsh 08:00PM ET,Nsh,
,,,,,,,,,,LW,Brandon Tanev (7729668),Brandon Tanev,7729668,2900,Dal@Wpg 08:00PM ET,Wpg,
,,,,,,,,,,D,Stephen Johns (7729974),Stephen Johns,7729974,2900,Dal@Wpg 08:00PM ET,Dal,
,,,,,,,,,,D,Nikita Zadorov (7729998),Nikita Zadorov,7729998,2900,Ari@Col 09:00PM ET,Col,
,,,,,,,,,,LW,Sergey Kalinin (7729570),Sergey Kalinin,7729570,2800,Car@NJ 07:00PM ET,NJ,
,,,,,,,,,,D,Kyle Quincey (7729803),Kyle Quincey,7729803,2800,Car@NJ 07:00PM ET,NJ,
,,,,,,,,,,D,Troy Stecher (7729841),Troy Stecher,7729841,2800,Van@NYR 07:00PM ET,Van,
,,,,,,,,,,LW,Tyler Bertuzzi (7729592),Tyler Bertuzzi,7729592,2800,Det@Phi 07:00PM ET,Det,
,,,,,,,,,,D,Brian Dumoulin (7729878),Brian Dumoulin,7729878,2800,Edm@Pit 07:00PM ET,Pit,
,,,,,,,,,,C,Chris Tierney (7729499),Chris Tierney,7729499,2800,SJ@Was 07:00PM ET,SJ,
,,,,,,,,,,LW,Matt Nieto (7729614),Matt Nieto,7729614,2800,SJ@Was 07:00PM ET,SJ,
,,,,,,,,,,RW,Daniel Winnik (7729730),Daniel Winnik,7729730,2800,SJ@Was 07:00PM ET,Was,
,,,,,,,,,,RW,Tom Wilson (7729735),Tom Wilson,7729735,2800,SJ@Was 07:00PM ET,Was,
,,,,,,,,,,RW,Melker Karlsson (7729737),Melker Karlsson,7729737,2800,SJ@Was 07:00PM ET,SJ,
,,,,,,,,,,D,Brenden Dillon (7729898),Brenden Dillon,7729898,2800,SJ@Was 07:00PM ET,SJ,
,,,,,,,,,,C,Brooks Laich (7729501),Brooks Laich,7729501,2800,LA@Tor 07:30PM ET,Tor,
,,,,,,,,,,LW,Kyle Clifford (7729624),Kyle Clifford,7729624,2800,LA@Tor 07:30PM ET,LA,
,,,,,,,,,,D,Derek Forbort (7729918),Derek Forbort,7729918,2800,LA@Tor 07:30PM ET,LA,
,,,,,,,,,,RW,Curtis Lazar (7729773),Curtis Lazar,7729773,2800,Ott@Nsh 08:00PM ET,Ott,
,,,,,,,,,,D,Yannick Weber (7729950),Yannick Weber,7729950,2800,Ott@Nsh 08:00PM ET,Nsh,
,,,,,,,,,,C,Alex Burmistrov (7729538),Alex Burmistrov,7729538,2800,Dal@Wpg 08:00PM ET,Wpg,
,,,,,,,,,,D,Esa Lindell (7729979),Esa Lindell,7729979,2800,Dal@Wpg 08:00PM ET,Dal,
,,,,,,,,,,C,Tyler Gaudet (7729557),Tyler Gaudet,7729557,2800,Ari@Col 09:00PM ET,Ari,
,,,,,,,,,,C,Christian Dvorak (7729558),Christian Dvorak,7729558,2800,Ari@Col 09:00PM ET,Ari,
,,,,,,,,,,RW,Ryan White (7729795),Ryan White,7729795,2800,Ari@Col 09:00PM ET,Ari,
,,,,,,,,,,LW,Bryan Bickell (7729561),Bryan Bickell,7729561,2700,Car@NJ 07:00PM ET,Car,
,,,,,,,,,,RW,Nick Lappin (7729689),Nick Lappin,7729689,2700,Car@NJ 07:00PM ET,NJ,
,,,,,,,,,,D,Klas Dahlbeck (7729811),Klas Dahlbeck,7729811,2700,Car@NJ 07:00PM ET,Car,
,,,,,,,,,,D,Jakub Nakladal (7729819),Jakub Nakladal,7729819,2700,Car@NJ 07:00PM ET,Car,
,,,,,,,,,,C,Michael Chaput (7729458),Michael Chaput,7729458,2700,Van@NYR 07:00PM ET,Van,
,,,,,,,,,,RW,Derek Dorsett (7729694),Derek Dorsett,7729694,2700,Van@NYR 07:00PM ET,Van,
,,,,,,,,,,RW,Anton Rodin (7729696),Anton Rodin,7729696,2700,Van@NYR 07:00PM ET,Van,
,,,,,,,,,,D,Luca Sbisa (7729830),Luca Sbisa,7729830,2700,Van@NYR 07:00PM ET,Van,
,,,,,,,,,,D,Alex Biega (7729832),Alex Biega,7729832,2700,Van@NYR 07:00PM ET,Van,
,,,,,,,,,,C,Boyd Gordon (7729464),Boyd Gordon,7729464,2700,Det@Phi 07:00PM ET,Phi,
,,,,,,,,,,LW,Chris VandeVelde (7729586),Chris VandeVelde,7729586,2700,Det@Phi 07:00PM ET,Phi,
,,,,,,,,,,RW,Roman Lyubimov (7729715),Roman Lyubimov,7729715,2700,Det@Phi 07:00PM ET,Phi,
,,,,,,,,,,D,Xavier Ouellet (7729853),Xavier Ouellet,7729853,2700,Det@Phi 07:00PM ET,Det,
,,,,,,,,,,C,Anton Lander (7729484),Anton Lander,7729484,2700,Edm@Pit 07:00PM ET,Edm,
,,,,,,,,,,LW,Tom Sestito (7729597),Tom Sestito,7729597,2700,Edm@Pit 07:00PM ET,Pit,
,,,,,,,,,,LW,Matt Hendricks (7729598),Matt Hendricks,7729598,2700,Edm@Pit 07:00PM ET,Edm,
,,,,,,,,,,D,David Warsofsky (7729871),David Warsofsky,7729871,2700,Edm@Pit 07:00PM ET,Pit,
,,,,,,,,,,D,Dillon Simpson (7729877),Dillon Simpson,7729877,2700,Edm@Pit 07:00PM ET,Edm,
,,,,,,,,,,D,Griffin Reinhart (7729879),Griffin Reinhart,7729879,2700,Edm@Pit 07:00PM ET,Edm,
,,,,,,,,,,LW,Zachary Sanford (7729617),Zachary Sanford,7729617,2700,SJ@Was 07:00PM ET,Was,
,,,,,,,,,,LW,Nikolay Goldobin (7729618),Nikolay Goldobin,7729618,2700,SJ@Was 07:00PM ET,SJ,
,,,,,,,,,,C,Colin Greening (7729509),Colin Greening,7729509,2700,LA@Tor 07:30PM ET,Tor,
,,,,,,,,,,LW,Matt Martin (7729623),Matt Martin,7729623,2700,LA@Tor 07:30PM ET,Tor,
,,,,,,,,,,D,Tom Gilbert (7729908),Tom Gilbert,7729908,2700,LA@Tor 07:30PM ET,LA,
,,,,,,,,,,D,Kevin Gravel (7729920),Kevin Gravel,7729920,2700,LA@Tor 07:30PM ET,LA,
,,,,,,,,,,D,Zach Trotman (7729921),Zach Trotman,7729921,2700,LA@Tor 07:30PM ET,LA,
,,,,,,,,,,D,Frank Corrado (7729923),Frank Corrado,7729923,2700,LA@Tor 07:30PM ET,Tor,
,,,,,,,,,,D,Mark Barberio (7729934),Mark Barberio,7729934,2700,Bos@Mon 07:30PM ET,Mon,
,,,,,,,,,,LW,Matt Puempel (7729651),Matt Puempel,7729651,2700,Ott@Nsh 08:00PM ET,Ott,
,,,,,,,,,,RW,Chris Neil (7729764),Chris Neil,7729764,2700,Ott@Nsh 08:00PM ET,Ott,
,,,,,,,,,,RW,Austin Watson (7729768),Austin Watson,7729768,2700,Ott@Nsh 08:00PM ET,Nsh,
,,,,,,,,,,D,Petter Granberg (7729955),Petter Granberg,7729955,2700,Ott@Nsh 08:00PM ET,Nsh,
,,,,,,,,,,D,Anthony Bitetto (7729956),Anthony Bitetto,7729956,2700,Ott@Nsh 08:00PM ET,Nsh,
,,,,,,,,,,D,Mark Borowiecki (7729957),Mark Borowiecki,7729957,2700,Ott@Nsh 08:00PM ET,Ott,
,,,,,,,,,,D,Chris Wideman (7729960),Chris Wideman,7729960,2700,Ott@Nsh 08:00PM ET,Ott,
,,,,,,,,,,D,Julian Melchiori (7729975),Julian Melchiori,7729975,2700,Dal@Wpg 08:00PM ET,Wpg,
,,,,,,,,,,C,John Mitchell (7729549),John Mitchell,7729549,2700,Ari@Col 09:00PM ET,Col,
,,,,,,,,,,LW,Rene Bourque (7729669),Rene Bourque,7729669,2700,Ari@Col 09:00PM ET,Col,
,,,,,,,,,,LW,Jiri Tlusty (7729670),Jiri Tlusty,7729670,2700,Ari@Col 09:00PM ET,Col,
,,,,,,,,,,D,Fedor Tyutin (7729984),Fedor Tyutin,7729984,2700,Ari@Col 09:00PM ET,Col,
,,,,,,,,,,D,Zbynek Michalek (7729985),Zbynek Michalek,7729985,2700,Ari@Col 09:00PM ET,Ari,
,,,,,,,,,,D,Kevin Connauton (7729993),Kevin Connauton,7729993,2700,Ari@Col 09:00PM ET,Ari,
,,,,,,,,,,C,Connor Brickley (7729448),Connor Brickley,7729448,2600,Car@NJ 07:00PM ET,Car,
,,,,,,,,,,C,Lucas Wallmark (7729452),Lucas Wallmark,7729452,2600,Car@NJ 07:00PM ET,Car,
,,,,,,,,,,LW,Luke Gazdic (7729562),Luke Gazdic,7729562,2600,Car@NJ 07:00PM ET,NJ,
,,,,,,,,,,D,Jon Merrill (7729809),Jon Merrill,7729809,2600,Car@NJ 07:00PM ET,NJ,
,,,,,,,,,,D,Trevor Carrick (7729813),Trevor Carrick,7729813,2600,Car@NJ 07:00PM ET,Car,
,,,,,,,,,,D,Tyler Ganly (7729817),Tyler Ganly,7729817,2600,Car@NJ 07:00PM ET,Car,
,,,,,,,,,,D,Haydn Fleury (7729818),Haydn Fleury,7729818,2600,Car@NJ 07:00PM ET,Car,
,,,,,,,,,,RW,Josh Jooris (7729700),Josh Jooris,7729700,2600,Van@NYR 07:00PM ET,NYR,
,,,,,,,,,,D,Nikita Tryamkin (7729840),Nikita Tryamkin,7729840,2600,Van@NYR 07:00PM ET,Van,
,,,,,,,,,,LW,Taylor Leier (7729590),Taylor Leier,7729590,2600,Det@Phi 07:00PM ET,Phi,
,,,,,,,,,,RW,Steve Ott (7729702),Steve Ott,7729702,2600,Det@Phi 07:00PM ET,Det,
,,,,,,,,,,RW,Colin McDonald (7729704),Colin McDonald,7729704,2600,Det@Phi 07:00PM ET,Phi,
,,,,,,,,,,RW,Tomas Jurco (7729710),Tomas Jurco,7729710,2600,Det@Phi 07:00PM ET,Det,
,,,,,,,,,,D,Mark Alt (7729851),Mark Alt,7729851,2600,Det@Phi 07:00PM ET,Phi,
,,,,,,,,,,D,Samuel Morin (7729860),Samuel Morin,7729860,2600,Det@Phi 07:00PM ET,Phi,
,,,,,,,,,,D,Travis Sanheim (7729862),Travis Sanheim,7729862,2600,Det@Phi 07:00PM ET,Phi,
,,,,,,,,,,LW,Taylor Beck (7729602),Taylor Beck,7729602,2600,Edm@Pit 07:00PM ET,Edm,
,,,,,,,,,,LW,Jujhar Khaira (7729606),Jujhar Khaira,7729606,2600,Edm@Pit 07:00PM ET,Edm,
,,,,,,,,,,LW,Drake Caggiula (7729608),Drake Caggiula,7729608,2600,Edm@Pit 07:00PM ET,Edm,
,,,,,,,,,,RW,Iiro Pakarinen (7729724),Iiro Pakarinen,7729724,2600,Edm@Pit 07:00PM ET,Edm,
,,,,,,,,,,RW,Anton Slepyshev (7729725),Anton Slepyshev,7729725,2600,Edm@Pit 07:00PM ET,Edm,
,,,,,,,,,,D,Mark Fayne (7729873),Mark Fayne,7729873,2600,Edm@Pit 07:00PM ET,Edm,
,,,,,,,,,,LW,Micheal Haley (7729610),Micheal Haley,7729610,2600,SJ@Was 07:00PM ET,SJ,
,,,,,,,,,,D,Dylan DeMelo (7729902),Dylan DeMelo,7729902,2600,SJ@Was 07:00PM ET,SJ,
,,,,,,,,,,C,Michael Latta (7729507),Michael Latta,7729507,2600,LA@Tor 07:30PM ET,LA,
,,,,,,,,,,LW,Brandon Prust (7729620),Brandon Prust,7729620,2600,LA@Tor 07:30PM ET,Tor,
,,,,,,,,,,LW,Andy Andreoff (7729626),Andy Andreoff,7729626,2600,LA@Tor 07:30PM ET,LA,
,,,,,,,,,,RW,Jordan Nolan (7729745),Jordan Nolan,7729745,2600,LA@Tor 07:30PM ET,LA,
,,,,,,,,,,D,Rob Scuderi (7729907),Rob Scuderi,7729907,2600,LA@Tor 07:30PM ET,LA,
,,,,,,,,,,LW,Phillip Danault (7729638),Phillip Danault,7729638,2600,Bos@Mon 07:30PM ET,Mon,
,,,,,,,,,,LW,Tim Schaller (7729639),Tim Schaller,7729639,2600,Bos@Mon 07:30PM ET,Bos,
,,,,,,,,,,RW,Noel Acciari (7729763),Noel Acciari,7729763,2600,Bos@Mon 07:30PM ET,Bos,
,,,,,,,,,,D,Zach Redmond (7729935),Zach Redmond,7729935,2600,Bos@Mon 07:30PM ET,Mon,
,,,,,,,,,,D,Joe Morrow (7729939),Joe Morrow,7729939,2600,Bos@Mon 07:30PM ET,Bos,
,,,,,,,,,,LW,Nick Paul (7729654),Nick Paul,7729654,2600,Ott@Nsh 08:00PM ET,Ott,
,,,,,,,,,,D,Matt Carle (7729946),Matt Carle,7729946,2600,Ott@Nsh 08:00PM ET,Nsh,
,,,,,,,,,,D,Michael Kostka (7729948),Michael Kostka,7729948,2600,Ott@Nsh 08:00PM ET,Ott,
,,,,,,,,,,C,Rich Peverley (7729535),Rich Peverley,7729535,2600,Dal@Wpg 08:00PM ET,Dal,
,,,,,,,,,,C,Gemel Smith (7729544),Gemel Smith,7729544,2600,Dal@Wpg 08:00PM ET,Dal,
,,,,,,,,,,RW,Chris Thorburn (7729779),Chris Thorburn,7729779,2600,Dal@Wpg 08:00PM ET,Wpg,
,,,,,,,,,,D,Mark Stuart (7729964),Mark Stuart,7729964,2600,Dal@Wpg 08:00PM ET,Wpg,
,,,,,,,,,,D,Jamie Oleksiak (7729977),Jamie Oleksiak,7729977,2600,Dal@Wpg 08:00PM ET,Dal,
,,,,,,,,,,LW,Laurent Dauphin (7729678),Laurent Dauphin,7729678,2600,Ari@Col 09:00PM ET,Ari,
,,,,,,,,,,RW,Cody McLeod (7729794),Cody McLeod,7729794,2600,Ari@Col 09:00PM ET,Col,
,,,,,,,,,,RW,Mike Sislo (7729797),Mike Sislo,7729797,2600,Ari@Col 09:00PM ET,Col,
,,,,,,,,,,RW,Joe Whitney (7729798),Joe Whitney,7729798,2600,Ari@Col 09:00PM ET,Col,
,,,,,,,,,,RW,Trent Vogelhuber (7729799),Trent Vogelhuber,7729799,2600,Ari@Col 09:00PM ET,Col,
,,,,,,,,,,D,Eric Gelinas (7729994),Eric Gelinas,7729994,2600,Ari@Col 09:00PM ET,Col,
,,,,,,,,,,D,Jarred Tinordi (7729995),Jarred Tinordi,7729995,2600,Ari@Col 09:00PM ET,Ari,
,,,,,,,,,,D,Chris Bigras (7729999),Chris Bigras,7729999,2600,Ari@Col 09:00PM ET,Col,
,,,,,,,,,,LW,Ryane Clowe (7729560),Ryane Clowe,7729560,2500,Car@NJ 07:00PM ET,NJ,
,,,,,,,,,,D,Brandon Gormley (7729807),Brandon Gormley,7729807,2500,Car@NJ 07:00PM ET,NJ,
,,,,,,,,,,D,Seth Helgeson (7729815),Seth Helgeson,7729815,2500,Car@NJ 07:00PM ET,NJ,
,,,,,,,,,,C,Chris Brown (7729461),Chris Brown,7729461,2500,Van@NYR 07:00PM ET,NYR,
,,,,,,,,,,LW,Tanner Glass (7729576),Tanner Glass,7729576,2500,Van@NYR 07:00PM ET,NYR,
,,,,,,,,,,RW,Marek Hrivik (7729699),Marek Hrivik,7729699,2500,Van@NYR 07:00PM ET,NYR,
,,,,,,,,,,D,Andrew Alberts (7729822),Andrew Alberts,7729822,2500,Van@NYR 07:00PM ET,Van,
,,,,,,,,,,D,Chris Summers (7729826),Chris Summers,7729826,2500,Van@NYR 07:00PM ET,NYR,
,,,,,,,,,,D,Andrey Pedan (7729836),Andrey Pedan,7729836,2500,Van@NYR 07:00PM ET,Van,
,,,,,,,,,,D,Michael Paliotta (7729837),Michael Paliotta,7729837,2500,Van@NYR 07:00PM ET,NYR,
,,,,,,,,,,C,Joe Vitale (7729469),Joe Vitale,7729469,2500,Det@Phi 07:00PM ET,Det,
,,,,,,,,,,C,Ben Street (7729472),Ben Street,7729472,2500,Det@Phi 07:00PM ET,Det,
,,,,,,,,,,C,Axel Holmstrom (7729477),Axel Holmstrom,7729477,2500,Det@Phi 07:00PM ET,Det,
,,,,,,,,,,C,German Rubtsov (7729478),German Rubtsov,7729478,2500,Det@Phi 07:00PM ET,Phi,
,,,,,,,,,,LW,Eric Tangradi (7729584),Eric Tangradi,7729584,2500,Det@Phi 07:00PM ET,Det,
,,,,,,,,,,LW,Tomas Nosek (7729593),Tomas Nosek,7729593,2500,Det@Phi 07:00PM ET,Det,
,,,,,,,,,,RW,Mitch Callahan (7729709),Mitch Callahan,7729709,2500,Det@Phi 07:00PM ET,Det,
,,,,,,,,,,RW,Anthony Mantha (7729713),Anthony Mantha,7729713,2500,Det@Phi 07:00PM ET,Det,
,,,,,,,,,,D,Logan Pyett (7729849),Logan Pyett,7729849,2500,Det@Phi 07:00PM ET,Phi,
,,,,,,,,,,D,Robbie Russo (7729855),Robbie Russo,7729855,2500,Det@Phi 07:00PM ET,Det,
,,,,,,,,,,D,Robert Hagg (7729861),Robert Hagg,7729861,2500,Det@Phi 07:00PM ET,Phi,
,,,,,,,,,,D,Vili Saarijarvi (7729864),Vili Saarijarvi,7729864,2500,Det@Phi 07:00PM ET,Det,
,,,,,,,,,,C,Kevin Porter (7729482),Kevin Porter,7729482,2500,Edm@Pit 07:00PM ET,Pit,
,,,,,,,,,,C,Oskar Sundqvist (7729486),Oskar Sundqvist,7729486,2500,Edm@Pit 07:00PM ET,Pit,
,,,,,,,,,,RW,Daniel Sprong (7729726),Daniel Sprong,7729726,2500,Edm@Pit 07:00PM ET,Pit,
,,,,,,,,,,D,Stuart Percy (7729876),Stuart Percy,7729876,2500,Edm@Pit 07:00PM ET,Pit,
,,,,,,,,,,D,Chad Ruhwedel (7729884),Chad Ruhwedel,7729884,2500,Edm@Pit 07:00PM ET,Pit,
,,,,,,,,,,D,Jordan Oesterle (7729886),Jordan Oesterle,7729886,2500,Edm@Pit 07:00PM ET,Edm,
,,,,,,,,,,C,Zach Sill (7729495),Zach Sill,7729495,2500,SJ@Was 07:00PM ET,Was,
,,,,,,,,,,C,Brad Malone (7729497),Brad Malone,7729497,2500,SJ@Was 07:00PM ET,Was,
,,,,,,,,,,C,Paul Carey (7729498),Paul Carey,7729498,2500,SJ@Was 07:00PM ET,Was,
,,,,,,,,,,C,Ryan Carpenter (7729500),Ryan Carpenter,7729500,2500,SJ@Was 07:00PM ET,SJ,
,,,,,,,,,,RW,Barclay Goodrow (7729736),Barclay Goodrow,7729736,2500,SJ@Was 07:00PM ET,SJ,
,,,,,,,,,,RW,Kevin Labanc (7729738),Kevin Labanc,7729738,2500,SJ@Was 07:00PM ET,SJ,
,,,,,,,,,,D,Taylor Chorney (7729895),Taylor Chorney,7729895,2500,SJ@Was 07:00PM ET,Was,
,,,,,,,,,,D,Dan Kelly (7729897),Dan Kelly,7729897,2500,SJ@Was 07:00PM ET,SJ,
,,,,,,,,,,D,Aaron Ness (7729900),Aaron Ness,7729900,2500,SJ@Was 07:00PM ET,Was,
,,,,,,,,,,D,Darren Dietz (7729901),Darren Dietz,7729901,2500,SJ@Was 07:00PM ET,Was,
,,,,,,,,,,D,Mirco Mueller (7729904),Mirco Mueller,7729904,2500,SJ@Was 07:00PM ET,SJ,
,,,,,,,,,,D,Tyler Lewington (7729905),Tyler Lewington,7729905,2500,SJ@Was 07:00PM ET,Was,
,,,,,,,,,,C,Byron Froese (7729510),Byron Froese,7729510,2500,LA@Tor 07:30PM ET,Tor,
,,,,,,,,,,LW,Adrian Kempe (7729631),Adrian Kempe,7729631,2500,LA@Tor 07:30PM ET,LA,
,,,,,,,,,,RW,Joffrey Lupul (7729740),Joffrey Lupul,7729740,2500,LA@Tor 07:30PM ET,Tor,
,,,,,,,,,,RW,Nathan Horton (7729741),Nathan Horton,7729741,2500,LA@Tor 07:30PM ET,Tor,
,,,,,,,,,,D,Stephane Robidas (7729906),Stephane Robidas,7729906,2500,LA@Tor 07:30PM ET,Tor,
,,,,,,,,,,D,Matt Greene (7729909),Matt Greene,7729909,2500,LA@Tor 07:30PM ET,LA,
,,,,,,,,,,D,Andrew Campbell (7729915),Andrew Campbell,7729915,2500,LA@Tor 07:30PM ET,Tor,
,,,,,,,,,,D,Jared Cowen (7729916),Jared Cowen,7729916,2500,LA@Tor 07:30PM ET,Tor,
,,,,,,,,,,D,Kurtis MacDermid (7729926),Kurtis MacDermid,7729926,2500,LA@Tor 07:30PM ET,LA,
,,,,,,,,,,C,Sean Kuraly (7729521),Sean Kuraly,7729521,2500,Bos@Mon 07:30PM ET,Bos,
,,,,,,,,,,C,Stefan Matteau (7729523),Stefan Matteau,7729523,2500,Bos@Mon 07:30PM ET,Mon,
,,,,,,,,,,LW,Chris Terry (7729635),Chris Terry,7729635,2500,Bos@Mon 07:30PM ET,Mon,
,,,,,,,,,,LW,Jacob De La Rose (7729640),Jacob De La Rose,7729640,2500,Bos@Mon 07:30PM ET,Mon,
,,,,,,,,,,LW,Martin Reway (7729642),Martin Reway,7729642,2500,Bos@Mon 07:30PM ET,Mon,
,,,,,,,,,,LW,Jake DeBrusk (7729643),Jake DeBrusk,7729643,2500,Bos@Mon 07:30PM ET,Bos,
,,,,,,,,,,RW,Tyler Randell (7729756),Tyler Randell,7729756,2500,Bos@Mon 07:30PM ET,Bos,
,,,,,,,,,,RW,Michael McCarron (7729759),Michael McCarron,7729759,2500,Bos@Mon 07:30PM ET,Mon,
,,,,,,,,,,LW,Max McCormick (7729652),Max McCormick,7729652,2500,Ott@Nsh 08:00PM ET,Ott,
,,,,,,,,,,RW,Mike Blunden (7729766),Mike Blunden,7729766,2500,Ott@Nsh 08:00PM ET,Ott,
,,,,,,,,,,D,Matt Irwin (7729953),Matt Irwin,7729953,2500,Ott@Nsh 08:00PM ET,Nsh,
,,,,,,,,,,D,Fredrik Claesson (7729959),Fredrik Claesson,7729959,2500,Ott@Nsh 08:00PM ET,Ott,
,,,,,,,,,,D,Patrick Sieloff (7729962),Patrick Sieloff,7729962,2500,Ott@Nsh 08:00PM ET,Ott,
,,,,,,,,,,C,Jason Dickinson (7729545),Jason Dickinson,7729545,2500,Dal@Wpg 08:00PM ET,Dal,
,,,,,,,,,,C,Andrew Copp (7729547),Andrew Copp,7729547,2500,Dal@Wpg 08:00PM ET,Wpg,
,,,,,,,,,,C,Chase De Leo (7729548),Chase De Leo,7729548,2500,Dal@Wpg 08:00PM ET,Wpg,
,,,,,,,,,,LW,Remi Elie (7729664),Remi Elie,7729664,2500,Dal@Wpg 08:00PM ET,Dal,
,,,,,,,,,,LW,Nic Petan (7729665),Nic Petan,7729665,2500,Dal@Wpg 08:00PM ET,Wpg,
,,,,,,,,,,LW,Brendan Lemieux (7729667),Brendan Lemieux,7729667,2500,Dal@Wpg 08:00PM ET,Wpg,
,,,,,,,,,,RW,Anthony Peluso (7729784),Anthony Peluso,7729784,2500,Dal@Wpg 08:00PM ET,Wpg,
,,,,,,,,,,RW,Denis Gurianov (7729787),Denis Gurianov,7729787,2500,Dal@Wpg 08:00PM ET,Dal,
,,,,,,,,,,D,Andrew Bodnarchuk (7729968),Andrew Bodnarchuk,7729968,2500,Dal@Wpg 08:00PM ET,Dal,
,,,,,,,,,,D,Brian Strait (7729972),Brian Strait,7729972,2500,Dal@Wpg 08:00PM ET,Wpg,
,,,,,,,,,,D,Julius Honka (7729981),Julius Honka,7729981,2500,Dal@Wpg 08:00PM ET,Dal,
,,,,,,,,,,C,Jesse Winchester (7729553),Jesse Winchester,7729553,2500,Ari@Col 09:00PM ET,Col,
,,,,,,,,,,LW,Craig Cunningham (7729673),Craig Cunningham,7729673,2500,Ari@Col 09:00PM ET,Ari,
,,,,,,,,,,D,Brad Stuart (7729982),Brad Stuart,7729982,2500,Ari@Col 09:00PM ET,Col,
,,,,,,,,,,D,Ryan Stanton (7729991),Ryan Stanton,7729991,2500,Ari@Col 09:00PM ET,Col,
,,,,,,,,,,D,Anthony DeAngelo (7730000),Anthony DeAngelo,7730000,2500,Ari@Col 09:00PM ET,Ari,
,,,,,,,,,,D,Kyle Wood (7730001),Kyle Wood,7730001,2500,Ari@Col 09:00PM ET,Ari,
